Workbook

Sheet Utama
B2: Pemilihan Prioritas Pengembangan Pariwisata di Balikpapan
B3: Tujuan
B4: Menentukan Prioritas Pengembangan Pariwisata Balikpapan
B5: Kriteria
B6: K1 (Akses) | E6: K2 (Amenitas) | H6: K3 (Atraksi) | K6: K4 (Kelembagaan) | N6: K5 (Ekonomi) | Q6: K6 (Lingkungan) | T6: K7 (Stategis IKN)
B7: Benefit | E7: Benefit | H7: Benefit | K7: Benefit | N7: Benefit | Q7: Benefit | T7: Benefit
B8: Sub Kriteria
B9: Sangat Baik | C9: Jalan beraspal baik, dapat dilalui semua kendaraan, tersedia transportasi umum | D9: 4 | E9: Sangat Lengkap | F9: Tersedia toilet, parkir, tempat ibadah, kuliner, dan pusat informasi | G9: 4 | H9: Sangat Menarik | I9: Memiliki daya tarik unik dan beragam aktivitas wisata | J9: 4 | K9: Sangat Baik | L9: Dikelola aktif oleh pengelola dan mendapat dukungan pemerintah serta masyarakat | M9: 4 | N9: Sangat Tinggi | O9: Memberikan dampak ekonomi besar bagi masyarakat sekitar | P9: 4 | Q9: Sangat Baik | R9: Kawasan wisata bersih, terawat, memiliki pengelolaan sampah yang baik, serta kelestarian lingkungan terjaga | S9: 4 | T9: Sangat Stategis | U9: Sangat dekat dan berpotensi tinggi menjadi destinasi penunjang IKN | V9: 4
B10: Baik | C10: Jalan beraspal baik, transportasi umum terbatas | D10: 3 | E10: Lengkap | F10: Tersedia sebagian besar fasilitas dasar | G10: 3 | H10: Menarik | I10: Memiliki daya tarik yang cukup menarik dan aktivitas wisata cukup beragam | J10: 3 | K10: Baik | L10: Pengelolaan berjalan cukup baik | M10: 3 | N10: Tinggi | O10: Memberikan dampak ekonomi yang cukup signifikan | P10: 3 | Q10: Baik | R10: Kawasan cukup bersih dan terawat, terdapat pengelolaan lingkungan yang memadai | S10: 3 | T10: Stategis | U10: Cukup dekat dan memiliki potensi mendukung IKN | V10: 3
B11: Kurang Baik | C11: Sebagian jalan rusak atau sulit diakses kendaraan besar | D11: 2 | E11: Kurang Lengkap | F11: Hanya tersedia beberapa fasilitas dasar | G11: 2 | H11: Kurang Menarik | I11: Daya tarik terbatas dan aktivitas wisata sedikit | J11: 2 | K11: Kurang Baik | L11: Pengelolaan kurang optimal | M11: 2 | N11: Rendah | O11: Dampak ekonomi masih terbatas | P11: 2 | Q11: Kurang Baik | R11: Terdapat beberapa masalah kebersihan, kerusakan lingkungan ringan, atau pengelolaan lingkungan kurang optimal | S11: 2 | T11: Kurang Strategis | U11: Potensi keterkaitan dengan IKN masih terbatas | V11: 2
B12: Tidak Baik | C12: Jalan rusak berat atau akses menuju lokasi sulit | D12: 1 | E12: Tidak Lengkap | F12: Fasilitas pendukung sangat minim | G12: 1 | H12: Tidak Menarik | I12: Daya tarik dan aktivitas wisata sangat terbatas | J12: 1 | K12: Tidak Baik | L12: Tidak terdapat pengelolaan yang jelas | M12: 1 | N12: Sangat Rendah | O12: Hampir tidak memberikan dampak ekonomi | P12: 1 | Q12: Tidak Baik | R12: Lingkungan kurang terawat, banyak sampah, dan berpotensi mengalami kerusakan lingkungan yang serius | S12: 1 | T12: Tidak Strategis | U12: Tidak memiliki keterkaitan yang signifikan dengan IKN | V12: 1

Sheet AHP
A2: Matriks Perbandingan | J2: Normalisasi | R2: Bobot Kriteria | T2: Ax
A3: Kriteria | B3: K1 | C3: K2 | D3: K3 | E3: K4 | F3: K5 | G3: K6 | H3: K7 | J3: Kriteria | K3: K1 | L3: K2 | M3: K3 | N3: K4 | O3: K5 | P3: K6 | Q3: K7 | R3: Jumlah Baris | T3: Kriteria | U3: K1 | V3: K2 | W3: K3 | X3: K4 | Y3: K5 | Z3: K6 | AA3: K7 | AB3: Jumlah | AC3: xmax
A4: K1 (Akses) | B4: 1 | C4: 2 | D4: 3 | E4: 4 | F4: 2 | G4: 5 | H4: 0.5 | J4: K1 (Akses) | K4: =B4/B11 -> 0.20920502 | L4: =C4/C11 -> 0.26385224 | M4: =D4/D11 -> 0.23382697 | N4: =E4/E11 -> 0.22857143 | O4: =F4/F11 -> 0.21436227 | P4: =G4/G11 -> 0.2 | Q4: =H4/H11 -> 0.18181818 | R4: =AVERAGE(K4:Q4) -> 0.21880516 | T4: K1 (Akses) | U4: =B4*R4 -> 0.21880516 | V4: =C4*R5 -> 0.30234403 | W4: =D4*R6 -> 0.25359789 | X4: =E4*R7 -> 0.22758213 | Y4: =F4*R8 -> 0.22511916 | Z4: =G4*R9 -> 0.18242414 | AA4: =H4*R10 -> 0.16977513 | AB4: =SUM(U4:AA4) -> 1.5796476 | AC4: =AB4/R4 -> 7.219426
A5: K2 (Amenitas) | B5: 0.5 | C5: 1 | D5: 2 | E5: 3 | F5: 2 | G5: 4 | H5: 0.33 | J5: K2 (Amenitas) | K5: =B5/B11 -> 0.10460251 | L5: =C5/C11 -> 0.13192612 | M5: =D5/D11 -> 0.15588465 | N5: =E5/E11 -> 0.17142857 | O5: =F5/F11 -> 0.21436227 | P5: =G5/G11 -> 0.16 | Q5: =H5/H11 -> 0.12 | R5: =AVERAGE(K5:Q5) -> 0.15117202 | T5: K2 (Amenitas) | U5: =B5*R4 -> 0.10940258 | V5: =C5*R5 -> 0.15117202 | W5: =D5*R6 -> 0.16906526 | X5: =E5*R7 -> 0.1706866 | Y5: =F5*R8 -> 0.22511916 | Z5: =G5*R9 -> 0.14593931 | AA5: =H5*R10 -> 0.11205158 | AB5: =SUM(U5:AA5) -> 1.0834365 | AC5: =AB5/R5 -> 7.1669118
A6: K3 (Atraksi) | B6: 0.33 | C6: 0.5 | D6: 1 | E6: 2 | F6: 0.5 | G6: 3 | H6: 0.25 | J6: K3 (Atraksi) | K6: =B6/B11 -> 0.069037657 | L6: =C6/C11 -> 0.065963061 | M6: =D6/D11 -> 0.077942323 | N6: =E6/E11 -> 0.11428571 | O6: =F6/F11 -> 0.053590568 | P6: =G6/G11 -> 0.12 | Q6: =H6/H11 -> 0.090909091 | R6: =AVERAGE(K6:Q6) -> 0.08453263 | T6: K3 (Atraksi) | U6: =B6*R4 -> 0.072205703 | V6: =C6*R5 -> 0.075586009 | W6: =D6*R6 -> 0.08453263 | X6: =E6*R7 -> 0.11379107 | Y6: =F6*R8 -> 0.05627979 | Z6: =G6*R9 -> 0.10945448 | AA6: =H6*R10 -> 0.084887563 | AB6: =SUM(U6:AA6) -> 0.59673725 | AC6: =AB6/R6 -> 7.0592532
A7: K4 (Kelembagaan) | B7: 0.25 | C7: 0.33 | D7: 0.5 | E7: 1 | F7: 0.5 | G7: 2 | H7: 0.2 | J7: K4 (Kelembagaan) | K7: =B7/B11 -> 0.052301255 | L7: =C7/C11 -> 0.04353562 | M7: =D7/D11 -> 0.038971161 | N7: =E7/E11 -> 0.057142857 | O7: =F7/F11 -> 0.053590568 | P7: =G7/G11 -> 0.08 | Q7: =H7/H11 -> 0.072727273 | R7: =AVERAGE(K7:Q7) -> 0.056895534 | T7: K4 (Kelembagaan) | U7: =B7*R4 -> 0.05470129 | V7: =C7*R5 -> 0.049886766 | W7: =D7*R6 -> 0.042266315 | X7: =E7*R7 -> 0.056895534 | Y7: =F7*R8 -> 0.05627979 | Z7: =G7*R9 -> 0.072969656 | AA7: =H7*R10 -> 0.06791005 | AB7: =SUM(U7:AA7) -> 0.4009094 | AC7: =AB7/R7 -> 7.0464125
A8: K5 (Ekonomi) | B8: 0.5 | C8: 0.5 | D8: 2 | E8: 2 | F8: 1 | G8: 3 | H8: 0.33 | J8: K5 (Ekonomi) | K8: =B8/B11 -> 0.10460251 | L8: =C8/C11 -> 0.065963061 | M8: =D8/D11 -> 0.15588465 | N8: =E8/E11 -> 0.11428571 | O8: =F8/F11 -> 0.10718114 | P8: =G8/G11 -> 0.12 | Q8: =H8/H11 -> 0.12 | R8: =AVERAGE(K8:Q8) -> 0.11255958 | T8: K5 (Ekonomi) | U8: =B8*R4 -> 0.10940258 | V8: =C8*R5 -> 0.075586009 | W8: =D8*R6 -> 0.16906526 | X8: =E8*R7 -> 0.11379107 | Y8: =F8*R8 -> 0.11255958 | Z8: =G8*R9 -> 0.10945448 | AA8: =H8*R10 -> 0.11205158 | AB8: =SUM(U8:AA8) -> 0.80191056 | AC8: =AB8/R8 -> 7.1243208
A9: K6 (Lingkungan) | B9: 0.2 | C9: 0.25 | D9: 0.33 | E9: 0.5 | F9: 0.33 | G9: 1 | H9: 0.14 | J9: K6 (Lingkungan) | K9: =B9/B11 -> 0.041841004 | L9: =C9/C11 -> 0.03298153 | M9: =D9/D11 -> 0.025720966 | N9: =E9/E11 -> 0.028571429 | O9: =F9/F11 -> 0.035369775 | P9: =G9/G11 -> 0.04 | Q9: =H9/H11 -> 0.050909091 | R9: =AVERAGE(K9:Q9) -> 0.036484828 | T9: K6 (Lingkungan) | U9: =B9*R4 -> 0.043761032 | V9: =C9*R5 -> 0.037793004 | W9: =D9*R6 -> 0.027895768 | X9: =E9*R7 -> 0.028447767 | Y9: =F9*R8 -> 0.037144662 | Z9: =G9*R9 -> 0.036484828 | AA9: =H9*R10 -> 0.047537035 | AB9: =SUM(U9:AA9) -> 0.2590641 | AC9: =AB9/R9 -> 7.100598
A10: K7 (Stategis IKN) | B10: 2 | C10: 3 | D10: 4 | E10: 5 | F10: 3 | G10: 7 | H10: 1 | J10: K7 (Stategis IKN) | K10: =B10/B11 -> 0.41841004 | L10: =C10/C11 -> 0.39577836 | M10: =D10/D11 -> 0.31176929 | N10: =E10/E11 -> 0.28571429 | O10: =F10/F11 -> 0.32154341 | P10: =G10/G11 -> 0.28 | Q10: =H10/H11 -> 0.36363636 | R10: =AVERAGE(K10:Q10) -> 0.33955025 | T10: K7 (Stategis IKN) | U10: =B10*R4 -> 0.43761032 | V10: =C10*R5 -> 0.45351605 | W10: =D10*R6 -> 0.33813052 | X10: =E10*R7 -> 0.28447767 | Y10: =F10*R8 -> 0.33767874 | Z10: =G10*R9 -> 0.2553938 | AA10: =H10*R10 -> 0.33955025 | AB10: =SUM(U10:AA10) -> 2.4463573 | AC10: =AB10/R10 -> 7.204699
A11: Jumlah Kolom | B11: =SUM(B4:B10) -> 4.78 | C11: =SUM(C4:C10) -> 7.58 | D11: =SUM(D4:D10) -> 12.83 | E11: =SUM(E4:E10) -> 17.5 | F11: =SUM(F4:F10) -> 9.33 | G11: =SUM(G4:G10) -> 25 | H11: =SUM(H4:H10) -> 2.75 | J11: Jumlah Kolom | K11: =SUM(K4:K10) -> 1 | L11: =SUM(L4:L10) -> 1 | M11: =SUM(M4:M10) -> 1 | N11: =SUM(N4:N10) -> 1 | O11: =SUM(O4:O10) -> 1 | P11: =SUM(P4:P10) -> 1 | Q11: =SUM(Q4:Q10) -> 1 | R11: =SUM(R4:R10) -> 1 | T11: Jumlah Kolom | U11: =SUM(U4:U10) -> 1.0458887 | V11: =SUM(V4:V10) -> 1.1458839 | W11: =SUM(W4:W10) -> 1.0845536 | X11: =SUM(X4:X10) -> 0.99567184 | Y11: =SUM(Y4:Y10) -> 1.0501809 | Z11: =SUM(Z4:Z10) -> 0.9121207 | AA11: =SUM(AA4:AA10) -> 0.93376319 | AB11: =SUM(AB4:AB10) -> 7.1680628 | AC11: =AVERAGE(AC4:AC10) -> 7.1316602
AB13: Rumus CI
AB14: CI | AC14: =AC11-7 -> 0.13166019
AC15: =7-1 -> 6
AC16: =AC14/AC15 -> 0.021943365
AB18: IR | AC18: 1.32
AB19: Rumus CR
AB20: CR | AC20: =AC16/1.32 -> 0.016623761 | AD20: Konsisten

Sheet Data Pariwisata Balikpapan
A2: Matriks Kategorikal | M2: Matriks Kategorikal ke Numerik | Y2: Matriks Normalisasi | AK2: Matriks Normalisasi Bobot Y | AU2: Jarak Solusi Ideal | AW2: Nilai Preferensi
A3: No. | B3: Alternatif | D3: Kriteria | M3: No. | N3: Alternatif | P3: Kriteria | Y3: No | Z3: Alternatif | AB3: Kriteria | AK3: No | AL3: Alternatif | AN3: Kriteria
A4: Wisata Bahari, Pesisir & Pantai | C4: Kode Alternatif | D4: K1 | E4: K2 | F4: K3 | G4: K4 | H4: K5 | I4: K6 | J4: K7 | M4: Wisata Bahari, Pesisir & Pantai | O4: Kode Alternatif | P4: K1 | Q4: K2 | R4: K3 | S4: K4 | T4: K5 | U4: K6 | V4: K7 | Y4: Wisata Bahari, Pesisir & Pantai | AA4: Kode Alternatif | AB4: K1 | AC4: K2 | AD4: K3 | AE4: K4 | AF4: K5 | AG4: K6 | AH4: K7 | AK4: Wisata Bahari, Pesisir & Pantai | AM4: Kode Alternatif | AN4: K1 | AO4: K2 | AP4: K3 | AQ4: K4 | AR4: K5 | AS4: K6 | AT4: K7 | AU4: Di+ | AV4: Di- | AW4: Vi
A5: 1 | B5: Pantai Manggar Segarasari | C5: A1 | D5: SB | E5: SL | F5: SM | G5: B | H5: ST | I5: B | J5: SS | M5: 1 | N5: Pantai Manggar Segarasari | O5: A1 | P5: =SWITCH(D5, "SB", 4, "B", 3, "KB", 2, "TB", 1, 0) -> 4 | Q5: =SWITCH(E5, "SL", 4, "L", 3, "KL", 2, "TL", 1, 0) -> 4 | R5: =SWITCH(F5, "SM", 4, "M", 3, "KM", 2, "TM", 1, 0) -> 4 | S5: =SWITCH(G5, "SB", 4, "B", 3, "KB", 2, "TB", 1, 0) -> 3 | T5: =SWITCH(H5, "ST", 4, "T", 3, "R", 2, "SR", 1, 0) -> 4 | U5: =SWITCH(I5, "SB", 4, "B", 3, "KB", 2, "TB", 1, 0) -> 3 | V5: =SWITCH(J5, "SS", 4, "S", 3, "KS", 2, "TS", 1, 0) -> 4 | Y5: 1 | Z5: Pantai Manggar Segarasari | AA5: A1 | AB5: =P5/P32 -> 0.2534897 | AC5: =Q5/$Q$32 -> 0.31330418 | AD5: =R5/$R$32 -> 0.25451391 | AE5: =S5/$S$32 -> 0.19781414 | AF5: =T5/$T$32 -> 0.2773501 | AG5: =U5/$U$32 -> 0.19487094 | AH5: =V5/$V$32 -> 0.22120051 | AK5: 1 | AL5: Pantai Manggar Segarasari | AM5: A1 | AN5: =AB5*AHP!R4 -> 0.055464854 | AO5: =AC5*AHP!R5 -> 0.047362825 | AP5: =AD5*AHP!R6 -> 0.02151473 | AQ5: =AE5*AHP!R7 -> 0.011254741 | AR5: =AF5*AHP!R8 -> 0.031218411 | AS5: =AG5*AHP!R9 -> 0.0071098327 | AT5: =AH5*AHP!R10 -> 0.075108687 | AU5: =SQRT(SUMPRODUCT((AN5:AT5 - AN33:AT33)^2)) -> 0.0044374532 | AV5: =SQRT(SUMPRODUCT((AN5:AT5 - AN34:AT34)^2)) -> 0.061808546 | AW5: =AV5 / (AU5 + AV5) -> 0.93301553
A6: 2 | B6: Pantai Lamaru | C6: A2 | D6: SB | E6: L | F6: SM | G6: B | H6: T | I6: B | J6: SS | M6: 2 | N6: Pantai Lamaru | O6: A2 | P6: =SWITCH(D6, "SB", 4, "B", 3, "KB", 2, "TB", 1, 0) -> 4 | Q6: =SWITCH(E6, "SL", 4, "L", 3, "KL", 2, "TL", 1, 0) -> 3 | R6: =SWITCH(F6, "SM", 4, "M", 3, "KM", 2, "TM", 1, 0) -> 4 | S6: =SWITCH(G6, "SB", 4, "B", 3, "KB", 2, "TB", 1, 0) -> 3 | T6: =SWITCH(H6, "ST", 4, "T", 3, "R", 2, "SR", 1, 0) -> 3 | U6: =SWITCH(I6, "SB", 4, "B", 3, "KB", 2, "TB", 1, 0) -> 3 | V6: =SWITCH(J6, "SS", 4, "S", 3, "KS", 2, "TS", 1, 0) -> 4 | Y6: 2 | Z6: Pantai Lamaru | AA6: A2 | AB6: =P6/P32 -> 0.2534897 | AC6: =Q6/$Q$32 -> 0.23497814 | AD6: =R6/$R$32 -> 0.25451391 | AE6: =S6/$S$32 -> 0.19781414 | AF6: =T6/$T$32 -> 0.20801257 | AG6: =U6/$U$32 -> 0.19487094 | AH6: =V6/$V$32 -> 0.22120051 | AK6: 2 | AL6: Pantai Lamaru | AM6: A2 | AN6: =AB6*AHP!R4 -> 0.055464854 | AO6: =AC6*AHP!R5 -> 0.035522119 | AP6: =AD6*AHP!R6 -> 0.02151473 | AQ6: =AE6*AHP!R7 -> 0.011254741 | AR6: =AF6*AHP!R8 -> 0.023413808 | AS6: =AG6*AHP!R9 -> 0.0071098327 | AT6: =AH6*AHP!R10 -> 0.075108687 | AU6: =SQRT(SUMPRODUCT((AN6:AT6 - AN33:AT33)^2)) -> 0.014859513 | AV6: =SQRT(SUMPRODUCT((AN6:AT6 - AN34:AT34)^2)) -> 0.054189937 | AW6: =AV6 / (AU6 + AV6) -> 0.78479896
A7: 3 | B7: Pantai Kemala | C7: A3 | D7: SB | E7: SL | F7: M | G7: B | H7: T | I7: B | J7: SS | M7: 3 | N7: Pantai Kemala | O7: A3 | P7: =SWITCH(D7, "SB", 4, "B", 3, "KB", 2, "TB", 1, 0) -> 4 | Q7: =SWITCH(E7, "SL", 4, "L", 3, "KL", 2, "TL", 1, 0) -> 4 | R7: =SWITCH(F7, "SM", 4, "M", 3, "KM", 2, "TM", 1, 0) -> 3 | S7: =SWITCH(G7, "SB", 4, "B", 3, "KB", 2, "TB", 1, 0) -> 3 | T7: =SWITCH(H7, "ST", 4, "T", 3, "R", 2, "SR", 1, 0) -> 3 | U7: =SWITCH(I7, "SB", 4, "B", 3, "KB", 2, "TB", 1, 0) -> 3 | V7: =SWITCH(J7, "SS", 4, "S", 3, "KS", 2, "TS", 1, 0) -> 4 | Y7: 3 | Z7: Pantai Kemala | AA7: A3 | AB7: =P7/P32 -> 0.2534897 | AC7: =Q7/$Q$32 -> 0.31330418 | AD7: =R7/$R$32 -> 0.19088543 | AE7: =S7/$S$32 -> 0.19781414 | AF7: =T7/$T$32 -> 0.20801257 | AG7: =U7/$U$32 -> 0.19487094 | AH7: =V7/$V$32 -> 0.22120051 | AK7: 3 | AL7: Pantai Kemala | AM7: A3 | AN7: =AB7*AHP!R4 -> 0.055464854 | AO7: =AC7*AHP!R5 -> 0.047362825 | AP7: =AD7*AHP!R6 -> 0.016136047 | AQ7: =AE7*AHP!R7 -> 0.011254741 | AR7: =AF7*AHP!R8 -> 0.023413808 | AS7: =AG7*AHP!R9 -> 0.0071098327 | AT7: =AH7*AHP!R10 -> 0.075108687 | AU7: =SQRT(SUMPRODUCT((AN7:AT7 - AN33:AT33)^2)) -> 0.010465803 | AV7: =SQRT(SUMPRODUCT((AN7:AT7 - AN34:AT34)^2)) -> 0.059588339 | AW7: =AV7 / (AU7 + AV7) -> 0.85060408
A8: 4 | B8: Pantai Nelayan | C8: A4 | D8: B | E8: KL | F8: KM | G8: KB | H8: R | I8: KB | J8: S | M8: 4 | N8: Pantai Nelayan | O8: A4 | P8: =SWITCH(D8, "SB", 4, "B", 3, "KB", 2, "TB", 1, 0) -> 3 | Q8: =SWITCH(E8, "SL", 4, "L", 3, "KL", 2, "TL", 1, 0) -> 2 | R8: =SWITCH(F8, "SM", 4, "M", 3, "KM", 2, "TM", 1, 0) -> 2 | S8: =SWITCH(G8, "SB", 4, "B", 3, "KB", 2, "TB", 1, 0) -> 2 | T8: =SWITCH(H8, "ST", 4, "T", 3, "R", 2, "SR", 1, 0) -> 2 | U8: =SWITCH(I8, "SB", 4, "B", 3, "KB", 2, "TB", 1, 0) -> 2 | V8: =SWITCH(J8, "SS", 4, "S", 3, "KS", 2, "TS", 1, 0) -> 3 | Y8: 4 | Z8: Pantai Nelayan | AA8: A4 | AB8: =P8/P32 -> 0.19011728 | AC8: =Q8/$Q$32 -> 0.15665209 | AD8: =R8/$R$32 -> 0.12725695 | AE8: =S8/$S$32 -> 0.13187609 | AF8: =T8/$T$32 -> 0.13867505 | AG8: =U8/$U$32 -> 0.12991396 | AH8: =V8/$V$32 -> 0.16590038 | AK8: 4 | AL8: Pantai Nelayan | AM8: A4 | AN8: =AB8*AHP!R4 -> 0.041598641 | AO8: =AC8*AHP!R5 -> 0.023681412 | AP8: =AD8*AHP!R6 -> 0.010757365 | AQ8: =AE8*AHP!R7 -> 0.0075031608 | AR8: =AF8*AHP!R8 -> 0.015609205 | AS8: =AG8*AHP!R9 -> 0.0047398885 | AT8: =AH8*AHP!R10 -> 0.056331515 | AU8: =SQRT(SUMPRODUCT((AN8:AT8 - AN33:AT33)^2)) -> 0.039291163 | AV8: =SQRT(SUMPRODUCT((AN8:AT8 - AN34:AT34)^2)) -> 0.026173582 | AW8: =AV8 / (AU8 + AV8) -> 0.39981186
A9: 5 | B9: Pantai Monpera | C9: A5 | D9: SB | E9: L | F9: M | G9: B | H9: T | I9: B | J9: SS | M9: 5 | N9: Pantai Monpera | O9: A5 | P9: =SWITCH(D9, "SB", 4, "B", 3, "KB", 2, "TB", 1, 0) -> 4 | Q9: =SWITCH(E9, "SL", 4, "L", 3, "KL", 2, "TL", 1, 0) -> 3 | R9: =SWITCH(F9, "SM", 4, "M", 3, "KM", 2, "TM", 1, 0) -> 3 | S9: =SWITCH(G9, "SB", 4, "B", 3, "KB", 2, "TB", 1, 0) -> 3 | T9: =SWITCH(H9, "ST", 4, "T", 3, "R", 2, "SR", 1, 0) -> 3 | U9: =SWITCH(I9, "SB", 4, "B", 3, "KB", 2, "TB", 1, 0) -> 3 | V9: =SWITCH(J9, "SS", 4, "S", 3, "KS", 2, "TS", 1, 0) -> 4 | Y9: 5 | Z9: Pantai Monpera | AA9: A5 | AB9: =P9/P32 -> 0.2534897 | AC9: =Q9/$Q$32 -> 0.23497814 | AD9: =R9/$R$32 -> 0.19088543 | AE9: =S9/$S$32 -> 0.19781414 | AF9: =T9/$T$32 -> 0.20801257 | AG9: =U9/$U$32 -> 0.19487094 | AH9: =V9/$V$32 -> 0.22120051 | AK9: 5 | AL9: Pantai Monpera | AM9: A5 | AN9: =AB9*AHP!R4 -> 0.055464854 | AO9: =AC9*AHP!R5 -> 0.035522119 | AP9: =AD9*AHP!R6 -> 0.016136047 | AQ9: =AE9*AHP!R7 -> 0.011254741 | AR9: =AF9*AHP!R8 -> 0.023413808 | AS9: =AG9*AHP!R9 -> 0.0071098327 | AT9: =AH9*AHP!R10 -> 0.075108687 | AU9: =SQRT(SUMPRODUCT((AN9:AT9 - AN33:AT33)^2)) -> 0.015803018 | AV9: =SQRT(SUMPRODUCT((AN9:AT9 - AN34:AT34)^2)) -> 0.05338313 | AW9: =AV9 / (AU9 + AV9) -> 0.77158697
A10: 6 | B10: Pasar Sore Manggar | C10: A6 | D10: SB | E10: L | F10: M | G10: B | H10: ST | I10: KB | J10: SS | M10: 6 | N10: Pasar Sore Manggar | O10: A6 | P10: =SWITCH(D10, "SB", 4, "B", 3, "KB", 2, "TB", 1, 0) -> 4 | Q10: =SWITCH(E10, "SL", 4, "L", 3, "KL", 2, "TL", 1, 0) -> 3 | R10: =SWITCH(F10, "SM", 4, "M", 3, "KM", 2, "TM", 1, 0) -> 3 | S10: =SWITCH(G10, "SB", 4, "B", 3, "KB", 2, "TB", 1, 0) -> 3 | T10: =SWITCH(H10, "ST", 4, "T", 3, "R", 2, "SR", 1, 0) -> 4 | U10: =SWITCH(I10, "SB", 4, "B", 3, "KB", 2, "TB", 1, 0) -> 2 | V10: =SWITCH(J10, "SS", 4, "S", 3, "KS", 2, "TS", 1, 0) -> 4 | Y10: 6 | Z10: Pasar Sore Manggar | AA10: A6 | AB10: =P10/P32 -> 0.2534897 | AC10: =Q10/$Q$32 -> 0.23497814 | AD10: =R10/$R$32 -> 0.19088543 | AE10: =S10/$S$32 -> 0.19781414 | AF10: =T10/$T$32 -> 0.2773501 | AG10: =U10/$U$32 -> 0.12991396 | AH10: =V10/$V$32 -> 0.22120051 | AK10: 6 | AL10: Pasar Sore Manggar | AM10: A6 | AN10: =AB10*AHP!R4 -> 0.055464854 | AO10: =AC10*AHP!R5 -> 0.035522119 | AP10: =AD10*AHP!R6 -> 0.016136047 | AQ10: =AE10*AHP!R7 -> 0.011254741 | AR10: =AF10*AHP!R8 -> 0.031218411 | AS10: =AG10*AHP!R9 -> 0.0047398885 | AT10: =AH10*AHP!R10 -> 0.075108687 | AU10: =SQRT(SUMPRODUCT((AN10:AT10 - AN33:AT33)^2)) -> 0.01434132 | AV10: =SQRT(SUMPRODUCT((AN10:AT10 - AN34:AT34)^2)) -> 0.055017065 | AW10: =AV10 / (AU10 + AV10) -> 0.79322875
A11: 7 | B11: Pasar Pringgodani | C11: A7 | D11: B | E11: KL | F11: KM | G11: KB | H11: T | I11: KB | J11: S | M11: 7 | N11: Pasar Pringgodani | O11: A7 | P11: =SWITCH(D11, "SB", 4, "B", 3, "KB", 2, "TB", 1, 0) -> 3 | Q11: =SWITCH(E11, "SL", 4, "L", 3, "KL", 2, "TL", 1, 0) -> 2 | R11: =SWITCH(F11, "SM", 4, "M", 3, "KM", 2, "TM", 1, 0) -> 2 | S11: =SWITCH(G11, "SB", 4, "B", 3, "KB", 2, "TB", 1, 0) -> 2 | T11: =SWITCH(H11, "ST", 4, "T", 3, "R", 2, "SR", 1, 0) -> 3 | U11: =SWITCH(I11, "SB", 4, "B", 3, "KB", 2, "TB", 1, 0) -> 2 | V11: =SWITCH(J11, "SS", 4, "S", 3, "KS", 2, "TS", 1, 0) -> 3 | Y11: 7 | Z11: Pasar Pringgodani | AA11: A7 | AB11: =P11/P32 -> 0.19011728 | AC11: =Q11/$Q$32 -> 0.15665209 | AD11: =R11/$R$32 -> 0.12725695 | AE11: =S11/$S$32 -> 0.13187609 | AF11: =T11/$T$32 -> 0.20801257 | AG11: =U11/$U$32 -> 0.12991396 | AH11: =V11/$V$32 -> 0.16590038 | AK11: 7 | AL11: Pasar Pringgodani | AM11: A7 | AN11: =AB11*AHP!R4 -> 0.041598641 | AO11: =AC11*AHP!R5 -> 0.023681412 | AP11: =AD11*AHP!R6 -> 0.010757365 | AQ11: =AE11*AHP!R7 -> 0.0075031608 | AR11: =AF11*AHP!R8 -> 0.023413808 | AS11: =AG11*AHP!R9 -> 0.0047398885 | AT11: =AH11*AHP!R10 -> 0.056331515 | AU11: =SQRT(SUMPRODUCT((AN11:AT11 - AN33:AT33)^2)) -> 0.036892547 | AV11: =SQRT(SUMPRODUCT((AN11:AT11 - AN34:AT34)^2)) -> 0.027312419 | AW11: =AV11 / (AU11 + AV11) -> 0.42539418
A12: 8 | B12: Pantai BSB | C12: A8 | D12: B | E12: L | F12: M | G12: KB | H12: T | I12: B | J12: SS | M12: 8 | N12: Pantai BSB | O12: A8 | P12: =SWITCH(D12, "SB", 4, "B", 3, "KB", 2, "TB", 1, 0) -> 3 | Q12: =SWITCH(E12, "SL", 4, "L", 3, "KL", 2, "TL", 1, 0) -> 3 | R12: =SWITCH(F12, "SM", 4, "M", 3, "KM", 2, "TM", 1, 0) -> 3 | S12: =SWITCH(G12, "SB", 4, "B", 3, "KB", 2, "TB", 1, 0) -> 2 | T12: =SWITCH(H12, "ST", 4, "T", 3, "R", 2, "SR", 1, 0) -> 3 | U12: =SWITCH(I12, "SB", 4, "B", 3, "KB", 2, "TB", 1, 0) -> 3 | V12: =SWITCH(J12, "SS", 4, "S", 3, "KS", 2, "TS", 1, 0) -> 4 | Y12: 8 | Z12: Pantai BSB | AA12: A8 | AB12: =P12/P32 -> 0.19011728 | AC12: =Q12/$Q$32 -> 0.23497814 | AD12: =R12/$R$32 -> 0.19088543 | AE12: =S12/$S$32 -> 0.13187609 | AF12: =T12/$T$32 -> 0.20801257 | AG12: =U12/$U$32 -> 0.19487094 | AH12: =V12/$V$32 -> 0.22120051 | AK12: 8 | AL12: Pantai BSB | AM12: A8 | AN12: =AB12*AHP!R4 -> 0.041598641 | AO12: =AC12*AHP!R5 -> 0.035522119 | AP12: =AD12*AHP!R6 -> 0.016136047 | AQ12: =AE12*AHP!R7 -> 0.0075031608 | AR12: =AF12*AHP!R8 -> 0.023413808 | AS12: =AG12*AHP!R9 -> 0.0071098327 | AT12: =AH12*AHP!R10 -> 0.075108687 | AU12: =SQRT(SUMPRODUCT((AN12:AT12 - AN33:AT33)^2)) -> 0.022005234 | AV12: =SQRT(SUMPRODUCT((AN12:AT12 - AN34:AT34)^2)) -> 0.047527556 | AW12: =AV12 / (AU12 + AV12) -> 0.68352724
A13: 9 | B13: Pantai Seraya | C13: A9 | D13: KB | E13: KL | F13: KM | G13: KB | H13: R | I13: KB | J13: KS | M13: 9 | N13: Pantai Seraya | O13: A9 | P13: =SWITCH(D13, "SB", 4, "B", 3, "KB", 2, "TB", 1, 0) -> 2 | Q13: =SWITCH(E13, "SL", 4, "L", 3, "KL", 2, "TL", 1, 0) -> 2 | R13: =SWITCH(F13, "SM", 4, "M", 3, "KM", 2, "TM", 1, 0) -> 2 | S13: =SWITCH(G13, "SB", 4, "B", 3, "KB", 2, "TB", 1, 0) -> 2 | T13: =SWITCH(H13, "ST", 4, "T", 3, "R", 2, "SR", 1, 0) -> 2 | U13: =SWITCH(I13, "SB", 4, "B", 3, "KB", 2, "TB", 1, 0) -> 2 | V13: =SWITCH(J13, "SS", 4, "S", 3, "KS", 2, "TS", 1, 0) -> 2 | Y13: 9 | Z13: Pantai Seraya | AA13: A9 | AB13: =P13/P32 -> 0.12674485 | AC13: =Q13/$Q$32 -> 0.15665209 | AD13: =R13/$R$32 -> 0.12725695 | AE13: =S13/$S$32 -> 0.13187609 | AF13: =T13/$T$32 -> 0.13867505 | AG13: =U13/$U$32 -> 0.12991396 | AH13: =V13/$V$32 -> 0.11060025 | AK13: 9 | AL13: Pantai Seraya | AM13: A9 | AN13: =AB13*AHP!R4 -> 0.027732427 | AO13: =AC13*AHP!R5 -> 0.023681412 | AP13: =AD13*AHP!R6 -> 0.010757365 | AQ13: =AE13*AHP!R7 -> 0.0075031608 | AR13: =AF13*AHP!R8 -> 0.015609205 | AS13: =AG13*AHP!R9 -> 0.0047398885 | AT13: =AH13*AHP!R10 -> 0.037554344 | AU13: =SQRT(SUMPRODUCT((AN13:AT13 - AN33:AT33)^2)) -> 0.056376925 | AV13: =SQRT(SUMPRODUCT((AN13:AT13 - AN34:AT34)^2)) -> 0.011840706 | AW13: =AV13 / (AU13 + AV13) -> 0.17357252
A14: 10 | B14: Pantai Melawai | C14: A10 | D14: SB | E14: SL | F14: SM | G14: B | H14: ST | I14: KB | J14: SS | M14: 10 | N14: Pantai Melawai | O14: A10 | P14: =SWITCH(D14, "SB", 4, "B", 3, "KB", 2, "TB", 1, 0) -> 4 | Q14: =SWITCH(E14, "SL", 4, "L", 3, "KL", 2, "TL", 1, 0) -> 4 | R14: =SWITCH(F14, "SM", 4, "M", 3, "KM", 2, "TM", 1, 0) -> 4 | S14: =SWITCH(G14, "SB", 4, "B", 3, "KB", 2, "TB", 1, 0) -> 3 | T14: =SWITCH(H14, "ST", 4, "T", 3, "R", 2, "SR", 1, 0) -> 4 | U14: =SWITCH(I14, "SB", 4, "B", 3, "KB", 2, "TB", 1, 0) -> 2 | V14: =SWITCH(J14, "SS", 4, "S", 3, "KS", 2, "TS", 1, 0) -> 4 | Y14: 10 | Z14: Pantai Melawai | AA14: A10 | AB14: =P14/P32 -> 0.2534897 | AC14: =Q14/$Q$32 -> 0.31330418 | AD14: =R14/$R$32 -> 0.25451391 | AE14: =S14/$S$32 -> 0.19781414 | AF14: =T14/$T$32 -> 0.2773501 | AG14: =U14/$U$32 -> 0.12991396 | AH14: =V14/$V$32 -> 0.22120051 | AK14: 10 | AL14: Pantai Melawai | AM14: A10 | AN14: =AB14*AHP!R4 -> 0.055464854 | AO14: =AC14*AHP!R5 -> 0.047362825 | AP14: =AD14*AHP!R6 -> 0.02151473 | AQ14: =AE14*AHP!R7 -> 0.011254741 | AR14: =AF14*AHP!R8 -> 0.031218411 | AS14: =AG14*AHP!R9 -> 0.0047398885 | AT14: =AH14*AHP!R10 -> 0.075108687 | AU14: =SQRT(SUMPRODUCT((AN14:AT14 - AN33:AT33)^2)) -> 0.0060449068 | AV14: =SQRT(SUMPRODUCT((AN14:AT14 - AN34:AT34)^2)) -> 0.061763093 | AW14: =AV14 / (AU14 + AV14) -> 0.9108526
A15: 11 | B15: Pantai Ambalat | C15: A11 | D15: KB | E15: KL | F15: KM | G15: KB | H15: R | I15: KB | J15: KS | M15: 11 | N15: Pantai Ambalat | O15: A11 | P15: =SWITCH(D15, "SB", 4, "B", 3, "KB", 2, "TB", 1, 0) -> 2 | Q15: =SWITCH(E15, "SL", 4, "L", 3, "KL", 2, "TL", 1, 0) -> 2 | R15: =SWITCH(F15, "SM", 4, "M", 3, "KM", 2, "TM", 1, 0) -> 2 | S15: =SWITCH(G15, "SB", 4, "B", 3, "KB", 2, "TB", 1, 0) -> 2 | T15: =SWITCH(H15, "ST", 4, "T", 3, "R", 2, "SR", 1, 0) -> 2 | U15: =SWITCH(I15, "SB", 4, "B", 3, "KB", 2, "TB", 1, 0) -> 2 | V15: =SWITCH(J15, "SS", 4, "S", 3, "KS", 2, "TS", 1, 0) -> 2 | Y15: 11 | Z15: Pantai Ambalat | AA15: A11 | AB15: =P15/P32 -> 0.12674485 | AC15: =Q15/$Q$32 -> 0.15665209 | AD15: =R15/$R$32 -> 0.12725695 | AE15: =S15/$S$32 -> 0.13187609 | AF15: =T15/$T$32 -> 0.13867505 | AG15: =U15/$U$32 -> 0.12991396 | AH15: =V15/$V$32 -> 0.11060025 | AK15: 11 | AL15: Pantai Ambalat | AM15: A11 | AN15: =AB15*AHP!R4 -> 0.027732427 | AO15: =AC15*AHP!R5 -> 0.023681412 | AP15: =AD15*AHP!R6 -> 0.010757365 | AQ15: =AE15*AHP!R7 -> 0.0075031608 | AR15: =AF15*AHP!R8 -> 0.015609205 | AS15: =AG15*AHP!R9 -> 0.0047398885 | AT15: =AH15*AHP!R10 -> 0.037554344 | AU15: =SQRT(SUMPRODUCT((AN15:AT15 - AN33:AT33)^2)) -> 0.056376925 | AV15: =SQRT(SUMPRODUCT((AN15:AT15 - AN34:AT34)^2)) -> 0.011840706 | AW15: =AV15 / (AU15 + AV15) -> 0.17357252
A16: Wisata Alam, Konservasi & Edukasi | M16: Wisata Alam, Konservasi & Edukasi | Y16: Wisata Alam, Konservasi & Edukasi | AK16: Wisata Alam, Konservasi & Edukasi
A17: 12 | B17: Kawasan Wisata Pendidikan Lingkungan Hidup Beruang Madu | C17: A12 | D17: B | E17: L | F17: M | G17: SB | H17: T | I17: SB | J17: SS | M17: 12 | N17: Kawasan Wisata Pendidikan Lingkungan Hidup Beruang Madu | O17: A12 | P17: =SWITCH(D17, "SB", 4, "B", 3, "KB", 2, "TB", 1, 0) -> 3 | Q17: =SWITCH(E17, "SL", 4, "L", 3, "KL", 2, "TL", 1, 0) -> 3 | R17: =SWITCH(F17, "SM", 4, "M", 3, "KM", 2, "TM", 1, 0) -> 3 | S17: =SWITCH(G17, "SB", 4, "B", 3, "KB", 2, "TB", 1, 0) -> 4 | T17: =SWITCH(H17, "ST", 4, "T", 3, "R", 2, "SR", 1, 0) -> 3 | U17: =SWITCH(I17, "SB", 4, "B", 3, "KB", 2, "TB", 1, 0) -> 4 | V17: =SWITCH(J17, "SS", 4, "S", 3, "KS", 2, "TS", 1, 0) -> 4 | Y17: 12 | Z17: Kawasan Wisata Pendidikan Lingkungan Hidup Beruang Madu | AA17: A12 | AB17: =P17/P32 -> 0.19011728 | AC17: =Q17/$Q$32 -> 0.23497814 | AD17: =R17/$R$32 -> 0.19088543 | AE17: =S17/$S$32 -> 0.26375219 | AF17: =T17/$T$32 -> 0.20801257 | AG17: =U17/$U$32 -> 0.25982792 | AH17: =V17/$V$32 -> 0.22120051 | AK17: 12 | AL17: Kawasan Wisata Pendidikan Lingkungan Hidup Beruang Madu | AM17: A12 | AN17: =AB17*AHP!R4 -> 0.041598641 | AO17: =AC17*AHP!R5 -> 0.035522119 | AP17: =AD17*AHP!R6 -> 0.016136047 | AQ17: =AE17*AHP!R7 -> 0.015006322 | AR17: =AF17*AHP!R8 -> 0.023413808 | AS17: =AG17*AHP!R9 -> 0.009479777 | AT17: =AH17*AHP!R10 -> 0.075108687 | AU17: =SQRT(SUMPRODUCT((AN17:AT17 - AN33:AT33)^2)) -> 0.020550335 | AV17: =SQRT(SUMPRODUCT((AN17:AT17 - AN34:AT34)^2)) -> 0.048290951 | AW17: =AV17 / (AU17 + AV17) -> 0.70148241
A18: 13 | B18: Kebun Raya Balikpapan | C18: A13 | D18: SB | E18: L | F18: SM | G18: SB | H18: T | I18: SB | J18: SS | M18: 13 | N18: Kebun Raya Balikpapan | O18: A13 | P18: =SWITCH(D18, "SB", 4, "B", 3, "KB", 2, "TB", 1, 0) -> 4 | Q18: =SWITCH(E18, "SL", 4, "L", 3, "KL", 2, "TL", 1, 0) -> 3 | R18: =SWITCH(F18, "SM", 4, "M", 3, "KM", 2, "TM", 1, 0) -> 4 | S18: =SWITCH(G18, "SB", 4, "B", 3, "KB", 2, "TB", 1, 0) -> 4 | T18: =SWITCH(H18, "ST", 4, "T", 3, "R", 2, "SR", 1, 0) -> 3 | U18: =SWITCH(I18, "SB", 4, "B", 3, "KB", 2, "TB", 1, 0) -> 4 | V18: =SWITCH(J18, "SS", 4, "S", 3, "KS", 2, "TS", 1, 0) -> 4 | Y18: 13 | Z18: Kebun Raya Balikpapan | AA18: A13 | AB18: =P18/P32 -> 0.2534897 | AC18: =Q18/$Q$32 -> 0.23497814 | AD18: =R18/$R$32 -> 0.25451391 | AE18: =S18/$S$32 -> 0.26375219 | AF18: =T18/$T$32 -> 0.20801257 | AG18: =U18/$U$32 -> 0.25982792 | AH18: =V18/$V$32 -> 0.22120051 | AK18: 13 | AL18: Kebun Raya Balikpapan | AM18: A13 | AN18: =AB18*AHP!R4 -> 0.055464854 | AO18: =AC18*AHP!R5 -> 0.035522119 | AP18: =AD18*AHP!R6 -> 0.02151473 | AQ18: =AE18*AHP!R7 -> 0.015006322 | AR18: =AF18*AHP!R8 -> 0.023413808 | AS18: =AG18*AHP!R9 -> 0.009479777 | AT18: =AH18*AHP!R10 -> 0.075108687 | AU18: =SQRT(SUMPRODUCT((AN18:AT18 - AN33:AT33)^2)) -> 0.014181472 | AV18: =SQRT(SUMPRODUCT((AN18:AT18 - AN34:AT34)^2)) -> 0.054732278 | AW18: =AV18 / (AU18 + AV18) -> 0.79421419
A19: 14 | B19: Bukit Kebo | C19: A14 | D19: KB | E19: KL | F19: M | G19: KB | H19: R | I19: B | J19: S | M19: 14 | N19: Bukit Kebo | O19: A14 | P19: =SWITCH(D19, "SB", 4, "B", 3, "KB", 2, "TB", 1, 0) -> 2 | Q19: =SWITCH(E19, "SL", 4, "L", 3, "KL", 2, "TL", 1, 0) -> 2 | R19: =SWITCH(F19, "SM", 4, "M", 3, "KM", 2, "TM", 1, 0) -> 3 | S19: =SWITCH(G19, "SB", 4, "B", 3, "KB", 2, "TB", 1, 0) -> 2 | T19: =SWITCH(H19, "ST", 4, "T", 3, "R", 2, "SR", 1, 0) -> 2 | U19: =SWITCH(I19, "SB", 4, "B", 3, "KB", 2, "TB", 1, 0) -> 3 | V19: =SWITCH(J19, "SS", 4, "S", 3, "KS", 2, "TS", 1, 0) -> 3 | Y19: 14 | Z19: Bukit Kebo | AA19: A14 | AB19: =P19/P32 -> 0.12674485 | AC19: =Q19/$Q$32 -> 0.15665209 | AD19: =R19/$R$32 -> 0.19088543 | AE19: =S19/$S$32 -> 0.13187609 | AF19: =T19/$T$32 -> 0.13867505 | AG19: =U19/$U$32 -> 0.19487094 | AH19: =V19/$V$32 -> 0.16590038 | AK19: 14 | AL19: Bukit Kebo | AM19: A14 | AN19: =AB19*AHP!R4 -> 0.027732427 | AO19: =AC19*AHP!R5 -> 0.023681412 | AP19: =AD19*AHP!R6 -> 0.016136047 | AQ19: =AE19*AHP!R7 -> 0.0075031608 | AR19: =AF19*AHP!R8 -> 0.015609205 | AS19: =AG19*AHP!R9 -> 0.0071098327 | AT19: =AH19*AHP!R10 -> 0.056331515 | AU19: =SQRT(SUMPRODUCT((AN19:AT19 - AN33:AT33)^2)) -> 0.044910695 | AV19: =SQRT(SUMPRODUCT((AN19:AT19 - AN34:AT34)^2)) -> 0.022963697 | AW19: =AV19 / (AU19 + AV19) -> 0.33832637
A20: 15 | B20: Bamboe Wanades | C20: A15 | D20: B | E20: KL | F20: M | G20: B | H20: R | I20: B | J20: S | M20: 15 | N20: Bamboe Wanades | O20: A15 | P20: =SWITCH(D20, "SB", 4, "B", 3, "KB", 2, "TB", 1, 0) -> 3 | Q20: =SWITCH(E20, "SL", 4, "L", 3, "KL", 2, "TL", 1, 0) -> 2 | R20: =SWITCH(F20, "SM", 4, "M", 3, "KM", 2, "TM", 1, 0) -> 3 | S20: =SWITCH(G20, "SB", 4, "B", 3, "KB", 2, "TB", 1, 0) -> 3 | T20: =SWITCH(H20, "ST", 4, "T", 3, "R", 2, "SR", 1, 0) -> 2 | U20: =SWITCH(I20, "SB", 4, "B", 3, "KB", 2, "TB", 1, 0) -> 3 | V20: =SWITCH(J20, "SS", 4, "S", 3, "KS", 2, "TS", 1, 0) -> 3 | Y20: 15 | Z20: Bamboe Wanades | AA20: A15 | AB20: =P20/P32 -> 0.19011728 | AC20: =Q20/$Q$32 -> 0.15665209 | AD20: =R20/$R$32 -> 0.19088543 | AE20: =S20/$S$32 -> 0.19781414 | AF20: =T20/$T$32 -> 0.13867505 | AG20: =U20/$U$32 -> 0.19487094 | AH20: =V20/$V$32 -> 0.16590038 | AK20: 15 | AL20: Bamboe Wanades | AM20: A15 | AN20: =AB20*AHP!R4 -> 0.041598641 | AO20: =AC20*AHP!R5 -> 0.023681412 | AP20: =AD20*AHP!R6 -> 0.016136047 | AQ20: =AE20*AHP!R7 -> 0.011254741 | AR20: =AF20*AHP!R8 -> 0.015609205 | AS20: =AG20*AHP!R9 -> 0.0071098327 | AT20: =AH20*AHP!R10 -> 0.056331515 | AU20: =SQRT(SUMPRODUCT((AN20:AT20 - AN33:AT33)^2)) -> 0.037388927 | AV20: =SQRT(SUMPRODUCT((AN20:AT20 - AN34:AT34)^2)) -> 0.027086484 | AW20: =AV20 / (AU20 + AV20) -> 0.42010564
A21: 16 | B21: Kawasan Wisata Meranti | C21: A16 | D21: KB | E21: KL | F21: M | G21: B | H21: R | I21: B | J21: S | M21: 16 | N21: Kawasan WisataMeranti | O21: A16 | P21: =SWITCH(D21, "SB", 4, "B", 3, "KB", 2, "TB", 1, 0) -> 2 | Q21: =SWITCH(E21, "SL", 4, "L", 3, "KL", 2, "TL", 1, 0) -> 2 | R21: =SWITCH(F21, "SM", 4, "M", 3, "KM", 2, "TM", 1, 0) -> 3 | S21: =SWITCH(G21, "SB", 4, "B", 3, "KB", 2, "TB", 1, 0) -> 3 | T21: =SWITCH(H21, "ST", 4, "T", 3, "R", 2, "SR", 1, 0) -> 2 | U21: =SWITCH(I21, "SB", 4, "B", 3, "KB", 2, "TB", 1, 0) -> 3 | V21: =SWITCH(J21, "SS", 4, "S", 3, "KS", 2, "TS", 1, 0) -> 3 | Y21: 16 | Z21: Kawasan WisataMeranti | AA21: A16 | AB21: =P21/P32 -> 0.12674485 | AC21: =Q21/$Q$32 -> 0.15665209 | AD21: =R21/$R$32 -> 0.19088543 | AE21: =S21/$S$32 -> 0.19781414 | AF21: =T21/$T$32 -> 0.13867505 | AG21: =U21/$U$32 -> 0.19487094 | AH21: =V21/$V$32 -> 0.16590038 | AK21: 16 | AL21: Kawasan WisataMeranti | AM21: A16 | AN21: =AB21*AHP!R4 -> 0.027732427 | AO21: =AC21*AHP!R5 -> 0.023681412 | AP21: =AD21*AHP!R6 -> 0.016136047 | AQ21: =AE21*AHP!R7 -> 0.011254741 | AR21: =AF21*AHP!R8 -> 0.015609205 | AS21: =AG21*AHP!R9 -> 0.0071098327 | AT21: =AH21*AHP!R10 -> 0.056331515 | AU21: =SQRT(SUMPRODUCT((AN21:AT21 - AN33:AT33)^2)) -> 0.044438131 | AV21: =SQRT(SUMPRODUCT((AN21:AT21 - AN34:AT34)^2)) -> 0.023268127 | AW21: =AV21 / (AU21 + AV21) -> 0.34366287
A22: 17 | B22: Mangrove Margomulyo | C22: A17 | D22: B | E22: KL | F22: M | G22: SB | H22: T | I22: SB | J22: SS | M22: 17 | N22: Mangrove Margomulyo | O22: A17 | P22: =SWITCH(D22, "SB", 4, "B", 3, "KB", 2, "TB", 1, 0) -> 3 | Q22: =SWITCH(E22, "SL", 4, "L", 3, "KL", 2, "TL", 1, 0) -> 2 | R22: =SWITCH(F22, "SM", 4, "M", 3, "KM", 2, "TM", 1, 0) -> 3 | S22: =SWITCH(G22, "SB", 4, "B", 3, "KB", 2, "TB", 1, 0) -> 4 | T22: =SWITCH(H22, "ST", 4, "T", 3, "R", 2, "SR", 1, 0) -> 3 | U22: =SWITCH(I22, "SB", 4, "B", 3, "KB", 2, "TB", 1, 0) -> 4 | V22: =SWITCH(J22, "SS", 4, "S", 3, "KS", 2, "TS", 1, 0) -> 4 | Y22: 17 | Z22: Mangrove Margomulyo | AA22: A17 | AB22: =P22/P32 -> 0.19011728 | AC22: =Q22/$Q$32 -> 0.15665209 | AD22: =R22/$R$32 -> 0.19088543 | AE22: =S22/$S$32 -> 0.26375219 | AF22: =T22/$T$32 -> 0.20801257 | AG22: =U22/$U$32 -> 0.25982792 | AH22: =V22/$V$32 -> 0.22120051 | AK22: 17 | AL22: Mangrove Margomulyo | AM22: A17 | AN22: =AB22*AHP!R4 -> 0.041598641 | AO22: =AC22*AHP!R5 -> 0.023681412 | AP22: =AD22*AHP!R6 -> 0.016136047 | AQ22: =AE22*AHP!R7 -> 0.015006322 | AR22: =AF22*AHP!R8 -> 0.023413808 | AS22: =AG22*AHP!R9 -> 0.009479777 | AT22: =AH22*AHP!R10 -> 0.075108687 | AU22: =SQRT(SUMPRODUCT((AN22:AT22 - AN33:AT33)^2)) -> 0.02903314 | AV22: =SQRT(SUMPRODUCT((AN22:AT22 - AN34:AT34)^2)) -> 0.043719663 | AW22: =AV22 / (AU22 + AV22) -> 0.60093441
A23: 18 | B23: Waduk Manggar | C23: A18 | D23: B | E23: KL | F23: M | G23: B | H23: R | I23: B | J23: S | M23: 18 | N23: Waduk Manggar | O23: A18 | P23: =SWITCH(D23, "SB", 4, "B", 3, "KB", 2, "TB", 1, 0) -> 3 | Q23: =SWITCH(E23, "SL", 4, "L", 3, "KL", 2, "TL", 1, 0) -> 2 | R23: =SWITCH(F23, "SM", 4, "M", 3, "KM", 2, "TM", 1, 0) -> 3 | S23: =SWITCH(G23, "SB", 4, "B", 3, "KB", 2, "TB", 1, 0) -> 3 | T23: =SWITCH(H23, "ST", 4, "T", 3, "R", 2, "SR", 1, 0) -> 2 | U23: =SWITCH(I23, "SB", 4, "B", 3, "KB", 2, "TB", 1, 0) -> 3 | V23: =SWITCH(J23, "SS", 4, "S", 3, "KS", 2, "TS", 1, 0) -> 3 | Y23: 18 | Z23: Waduk Manggar | AA23: A18 | AB23: =P23/P32 -> 0.19011728 | AC23: =Q23/$Q$32 -> 0.15665209 | AD23: =R23/$R$32 -> 0.19088543 | AE23: =S23/$S$32 -> 0.19781414 | AF23: =T23/$T$32 -> 0.13867505 | AG23: =U23/$U$32 -> 0.19487094 | AH23: =V23/$V$32 -> 0.16590038 | AK23: 18 | AL23: Waduk Manggar | AM23: A18 | AN23: =AB23*AHP!R4 -> 0.041598641 | AO23: =AC23*AHP!R5 -> 0.023681412 | AP23: =AD23*AHP!R6 -> 0.016136047 | AQ23: =AE23*AHP!R7 -> 0.011254741 | AR23: =AF23*AHP!R8 -> 0.015609205 | AS23: =AG23*AHP!R9 -> 0.0071098327 | AT23: =AH23*AHP!R10 -> 0.056331515 | AU23: =SQRT(SUMPRODUCT((AN23:AT23 - AN33:AT33)^2)) -> 0.037388927 | AV23: =SQRT(SUMPRODUCT((AN23:AT23 - AN34:AT34)^2)) -> 0.027086484 | AW23: =AV23 / (AU23 + AV23) -> 0.42010564
A24: 19 | B24: Hutan Lindung Sungai Wain | C24: A19 | D24: B | E24: KL | F24: SM | G24: SB | H24: R | I24: SB | J24: SS | M24: 19 | N24: Hutan Lindung Sungai Wain | O24: A19 | P24: =SWITCH(D24, "SB", 4, "B", 3, "KB", 2, "TB", 1, 0) -> 3 | Q24: =SWITCH(E24, "SL", 4, "L", 3, "KL", 2, "TL", 1, 0) -> 2 | R24: =SWITCH(F24, "SM", 4, "M", 3, "KM", 2, "TM", 1, 0) -> 4 | S24: =SWITCH(G24, "SB", 4, "B", 3, "KB", 2, "TB", 1, 0) -> 4 | T24: =SWITCH(H24, "ST", 4, "T", 3, "R", 2, "SR", 1, 0) -> 2 | U24: =SWITCH(I24, "SB", 4, "B", 3, "KB", 2, "TB", 1, 0) -> 4 | V24: =SWITCH(J24, "SS", 4, "S", 3, "KS", 2, "TS", 1, 0) -> 4 | Y24: 19 | Z24: Hutan Lindung Sungai Wain | AA24: A19 | AB24: =P24/P32 -> 0.19011728 | AC24: =Q24/$Q$32 -> 0.15665209 | AD24: =R24/$R$32 -> 0.25451391 | AE24: =S24/$S$32 -> 0.26375219 | AF24: =T24/$T$32 -> 0.13867505 | AG24: =U24/$U$32 -> 0.25982792 | AH24: =V24/$V$32 -> 0.22120051 | AK24: 19 | AL24: Hutan Lindung Sungai Wain | AM24: A19 | AN24: =AB24*AHP!R4 -> 0.041598641 | AO24: =AC24*AHP!R5 -> 0.023681412 | AP24: =AD24*AHP!R6 -> 0.02151473 | AQ24: =AE24*AHP!R7 -> 0.015006322 | AR24: =AF24*AHP!R8 -> 0.015609205 | AS24: =AG24*AHP!R9 -> 0.009479777 | AT24: =AH24*AHP!R10 -> 0.075108687 | AU24: =SQRT(SUMPRODUCT((AN24:AT24 - AN33:AT33)^2)) -> 0.031571007 | AV24: =SQRT(SUMPRODUCT((AN24:AT24 - AN34:AT34)^2)) -> 0.044014631 | AW24: =AV24 / (AU24 + AV24) -> 0.58231474
A25: 20 | B25: Mangrove Graha Indah | C25: A20 | D25: B | E25: KL | F25: M | G25: SB | H25: T | I25: SB | J25: SS | M25: 20 | N25: Mangrove Graha Indah | O25: A20 | P25: =SWITCH(D25, "SB", 4, "B", 3, "KB", 2, "TB", 1, 0) -> 3 | Q25: =SWITCH(E25, "SL", 4, "L", 3, "KL", 2, "TL", 1, 0) -> 2 | R25: =SWITCH(F25, "SM", 4, "M", 3, "KM", 2, "TM", 1, 0) -> 3 | S25: =SWITCH(G25, "SB", 4, "B", 3, "KB", 2, "TB", 1, 0) -> 4 | T25: =SWITCH(H25, "ST", 4, "T", 3, "R", 2, "SR", 1, 0) -> 3 | U25: =SWITCH(I25, "SB", 4, "B", 3, "KB", 2, "TB", 1, 0) -> 4 | V25: =SWITCH(J25, "SS", 4, "S", 3, "KS", 2, "TS", 1, 0) -> 4 | Y25: 20 | Z25: Mangrove Graha Indah | AA25: A20 | AB25: =P25/P32 -> 0.19011728 | AC25: =Q25/$Q$32 -> 0.15665209 | AD25: =R25/$R$32 -> 0.19088543 | AE25: =S25/$S$32 -> 0.26375219 | AF25: =T25/$T$32 -> 0.20801257 | AG25: =U25/$U$32 -> 0.25982792 | AH25: =V25/$V$32 -> 0.22120051 | AK25: 20 | AL25: Mangrove Graha Indah | AM25: A20 | AN25: =AB25*AHP!R4 -> 0.041598641 | AO25: =AC25*AHP!R5 -> 0.023681412 | AP25: =AD25*AHP!R6 -> 0.016136047 | AQ25: =AE25*AHP!R7 -> 0.015006322 | AR25: =AF25*AHP!R8 -> 0.023413808 | AS25: =AG25*AHP!R9 -> 0.009479777 | AT25: =AH25*AHP!R10 -> 0.075108687 | AU25: =SQRT(SUMPRODUCT((AN25:AT25 - AN33:AT33)^2)) -> 0.02903314 | AV25: =SQRT(SUMPRODUCT((AN25:AT25 - AN34:AT34)^2)) -> 0.043719663 | AW25: =AV25 / (AU25 + AV25) -> 0.60093441
A26: 21 | B26: Teluk Balikpapan | C26: A21 | D26: B | E26: KL | F26: SM | G26: B | H26: T | I26: SB | J26: SS | M26: 21 | N26: Teluk Balikpapan | O26: A21 | P26: =SWITCH(D26, "SB", 4, "B", 3, "KB", 2, "TB", 1, 0) -> 3 | Q26: =SWITCH(E26, "SL", 4, "L", 3, "KL", 2, "TL", 1, 0) -> 2 | R26: =SWITCH(F26, "SM", 4, "M", 3, "KM", 2, "TM", 1, 0) -> 4 | S26: =SWITCH(G26, "SB", 4, "B", 3, "KB", 2, "TB", 1, 0) -> 3 | T26: =SWITCH(H26, "ST", 4, "T", 3, "R", 2, "SR", 1, 0) -> 3 | U26: =SWITCH(I26, "SB", 4, "B", 3, "KB", 2, "TB", 1, 0) -> 4 | V26: =SWITCH(J26, "SS", 4, "S", 3, "KS", 2, "TS", 1, 0) -> 4 | Y26: 21 | Z26: Teluk Balikpapan | AA26: A21 | AB26: =P26/P32 -> 0.19011728 | AC26: =Q26/$Q$32 -> 0.15665209 | AD26: =R26/$R$32 -> 0.25451391 | AE26: =S26/$S$32 -> 0.19781414 | AF26: =T26/$T$32 -> 0.20801257 | AG26: =U26/$U$32 -> 0.25982792 | AH26: =V26/$V$32 -> 0.22120051 | AK26: 21 | AL26: Teluk Balikpapan | AM26: A21 | AN26: =AB26*AHP!R4 -> 0.041598641 | AO26: =AC26*AHP!R5 -> 0.023681412 | AP26: =AD26*AHP!R6 -> 0.02151473 | AQ26: =AE26*AHP!R7 -> 0.011254741 | AR26: =AF26*AHP!R8 -> 0.023413808 | AS26: =AG26*AHP!R9 -> 0.009479777 | AT26: =AH26*AHP!R10 -> 0.075108687 | AU26: =SQRT(SUMPRODUCT((AN26:AT26 - AN53:AT53)^2)) -> 0.095708915 | AV26: =SQRT(SUMPRODUCT((AN26:AT26 - AN34:AT34)^2)) -> 0.044226424 | AW26: =AV26 / (AU26 + AV26) -> 0.316049
A27: Wisata Sejarah, Budaya & Heritage | M27: Wisata Sejarah, Budaya & Heritage | Y27: Wisata Sejarah, Budaya & Heritage | AK27: Wisata Sejarah, Budaya & Heritage
A28: 22 | B28: Kawasan Cagar Budaya Sumur Minyak Mathilda | C28: A22 | D28: KB | E28: TL | F28: M | G28: B | H28: R | I28: B | J28: S | M28: 22 | N28: Kawasan Cagar Budaya Sumur Minyak Mathilda | O28: A22 | P28: =SWITCH(D28, "SB", 4, "B", 3, "KB", 2, "TB", 1, 0) -> 2 | Q28: =SWITCH(E28, "SL", 4, "L", 3, "KL", 2, "TL", 1, 0) -> 1 | R28: =SWITCH(F28, "SM", 4, "M", 3, "KM", 2, "TM", 1, 0) -> 3 | S28: =SWITCH(G28, "SB", 4, "B", 3, "KB", 2, "TB", 1, 0) -> 3 | T28: =SWITCH(H28, "ST", 4, "T", 3, "R", 2, "SR", 1, 0) -> 2 | U28: =SWITCH(I28, "SB", 4, "B", 3, "KB", 2, "TB", 1, 0) -> 3 | V28: =SWITCH(J28, "SS", 4, "S", 3, "KS", 2, "TS", 1, 0) -> 3 | Y28: 22 | Z28: Kawasan Cagar Budaya Sumur Minyak Mathilda | AA28: A22 | AB28: =P28/P32 -> 0.12674485 | AC28: =Q28/$Q$32 -> 0.078326045 | AD28: =R28/$R$32 -> 0.19088543 | AE28: =S28/S32 -> 0.19781414 | AF28: =T28/$T$32 -> 0.13867505 | AG28: =U28/$U$32 -> 0.19487094 | AH28: =V28/$V$32 -> 0.16590038 | AK28: 22 | AL28: Kawasan Cagar Budaya Sumur Minyak Mathilda | AM28: A22 | AN28: =AB28*AHP!R4 -> 0.027732427 | AO28: =AC28*AHP!R5 -> 0.011840706 | AP28: =AD28*AHP!R6 -> 0.016136047 | AQ28: =AE28*AHP!R7 -> 0.011254741 | AR28: =AF28*AHP!R8 -> 0.015609205 | AS28: =AG28*AHP!R9 -> 0.0071098327 | AT28: =AH28*AHP!R10 -> 0.056331515 | AU28: =SQRT(SUMPRODUCT((AN28:AT28 - AN33:AT33)^2)) -> 0.05172774 | AV28: =SQRT(SUMPRODUCT((AN28:AT28 - AN34:AT34)^2)) -> 0.020030062 | AW28: =AV28 / (AU28 + AV28) -> 0.27913428
A29: 23 | B29: Kampung Warna Warni | C29: A23 | D29: B | E29: KL | F29: M | G29: B | H29: T | I29: B | J29: SS | M29: 23 | N29: Kampung Warna Warni | O29: A23 | P29: =SWITCH(D29, "SB", 4, "B", 3, "KB", 2, "TB", 1, 0) -> 3 | Q29: =SWITCH(E29, "SL", 4, "L", 3, "KL", 2, "TL", 1, 0) -> 2 | R29: =SWITCH(F29, "SM", 4, "M", 3, "KM", 2, "TM", 1, 0) -> 3 | S29: =SWITCH(G29, "SB", 4, "B", 3, "KB", 2, "TB", 1, 0) -> 3 | T29: =SWITCH(H29, "ST", 4, "T", 3, "R", 2, "SR", 1, 0) -> 3 | U29: =SWITCH(I29, "SB", 4, "B", 3, "KB", 2, "TB", 1, 0) -> 3 | V29: =SWITCH(J29, "SS", 4, "S", 3, "KS", 2, "TS", 1, 0) -> 4 | Y29: 23 | Z29: Kampung Warna Warni | AA29: A23 | AB29: =P29/P32 -> 0.19011728 | AC29: =Q29/$Q$32 -> 0.15665209 | AD29: =R29/$R$32 -> 0.19088543 | AE29: =S29/S32 -> 0.19781414 | AF29: =T29/$T$32 -> 0.20801257 | AG29: =U29/$U$32 -> 0.19487094 | AH29: =V29/$V$32 -> 0.22120051 | AK29: 23 | AL29: Kampung Warna Warni | AM29: A23 | AN29: =AB29*AHP!R4 -> 0.041598641 | AO29: =AC29*AHP!R5 -> 0.023681412 | AP29: =AD29*AHP!R6 -> 0.016136047 | AQ29: =AE29*AHP!R7 -> 0.011254741 | AR29: =AF29*AHP!R8 -> 0.023413808 | AS29: =AG29*AHP!R9 -> 0.0071098327 | AT29: =AH29*AHP!R10 -> 0.075108687 | AU29: =SQRT(SUMPRODUCT((AN29:AT29 - AN33:AT33)^2)) -> 0.029370295 | AV29: =SQRT(SUMPRODUCT((AN29:AT29 - AN35:AT35)^2)) -> 0.094437114 | AW29: =AV29 / (AU29 + AV29) -> 0.76277434
A30: 24 | B30: Kampung Atas Air Margasari | C30: A24 | D30: B | E30: KL | F30: M | G30: B | H30: T | I30: B | J30: SS | M30: 24 | N30: Kampung Atas Air Margasari | O30: A24 | P30: =SWITCH(D30, "SB", 4, "B", 3, "KB", 2, "TB", 1, 0) -> 3 | Q30: =SWITCH(E30, "SL", 4, "L", 3, "KL", 2, "TL", 1, 0) -> 2 | R30: =SWITCH(F30, "SM", 4, "M", 3, "KM", 2, "TM", 1, 0) -> 3 | S30: =SWITCH(G30, "SB", 4, "B", 3, "KB", 2, "TB", 1, 0) -> 3 | T30: =SWITCH(H30, "ST", 4, "T", 3, "R", 2, "SR", 1, 0) -> 3 | U30: =SWITCH(I30, "SB", 4, "B", 3, "KB", 2, "TB", 1, 0) -> 3 | V30: =SWITCH(J30, "SS", 4, "S", 3, "KS", 2, "TS", 1, 0) -> 4 | Y30: 24 | Z30: Kampung Atas Air Margasari | AA30: A24 | AB30: =P30/P32 -> 0.19011728 | AC30: =Q30/$Q$32 -> 0.15665209 | AD30: =R30/$R$32 -> 0.19088543 | AE30: =S30/S32 -> 0.19781414 | AF30: =T30/$T$32 -> 0.20801257 | AG30: =U30/$U$32 -> 0.19487094 | AH30: =V30/$V$32 -> 0.22120051 | AK30: 24 | AL30: Kampung Atas Air Margasari | AM30: A24 | AN30: =AB30*AHP!R4 -> 0.041598641 | AO30: =AC30*AHP!R5 -> 0.023681412 | AP30: =AD30*AHP!R6 -> 0.016136047 | AQ30: =AE30*AHP!R7 -> 0.011254741 | AR30: =AF30*AHP!R8 -> 0.023413808 | AS30: =AG30*AHP!R9 -> 0.0071098327 | AT30: =AH30*AHP!R10 -> 0.075108687 | AU30: =SQRT(SUMPRODUCT((AN30:AT30 - AN33:AT33)^2)) -> 0.029370295 | AV30: =SQRT(SUMPRODUCT((AN30:AT30 - AN36:AT36)^2)) -> 0.094437114 | AW30: =AV30 / (AU30 + AV30) -> 0.76277434
A31: 25 | B31: Kampung Wisata Tenun Kampung Baru | C31: A25 | D31: B | E31: KL | F31: M | G31: B | H31: ST | I31: B | J31: SS | M31: 25 | N31: Kampung Wisata Tenun Kampung Baru | O31: A25 | P31: =SWITCH(D31, "SB", 4, "B", 3, "KB", 2, "TB", 1, 0) -> 3 | Q31: =SWITCH(E31, "SL", 4, "L", 3, "KL", 2, "TL", 1, 0) -> 2 | R31: =SWITCH(F31, "SM", 4, "M", 3, "KM", 2, "TM", 1, 0) -> 3 | S31: =SWITCH(G31, "SB", 4, "B", 3, "KB", 2, "TB", 1, 0) -> 3 | T31: =SWITCH(H31, "ST", 4, "T", 3, "R", 2, "SR", 1, 0) -> 4 | U31: =SWITCH(I31, "SB", 4, "B", 3, "KB", 2, "TB", 1, 0) -> 3 | V31: =SWITCH(J31, "SS", 4, "S", 3, "KS", 2, "TS", 1, 0) -> 4 | Y31: 25 | Z31: Kampung Wisata Tenun Kampung Baru | AA31: A25 | AB31: =P31/P32 -> 0.19011728 | AC31: =Q31/$Q$32 -> 0.15665209 | AD31: =R31/$R$32 -> 0.19088543 | AE31: =S31/S32 -> 0.19781414 | AF31: =T31/$T$32 -> 0.2773501 | AG31: =U31/$U$32 -> 0.19487094 | AH31: =V31/$V$32 -> 0.22120051 | AK31: 25 | AL31: Kampung Wisata Tenun Kampung Baru | AM31: A25 | AN31: =AB31*AHP!R4 -> 0.041598641 | AO31: =AC31*AHP!R5 -> 0.023681412 | AP31: =AD31*AHP!R6 -> 0.016136047 | AQ31: =AE31*AHP!R7 -> 0.011254741 | AR31: =AF31*AHP!R8 -> 0.031218411 | AS31: =AG31*AHP!R9 -> 0.0071098327 | AT31: =AH31*AHP!R10 -> 0.075108687 | AU31: =SQRT(SUMPRODUCT((AN31:AT31 - AN58:AT58)^2)) -> 0.096668253 | AV31: =SQRT(SUMPRODUCT((AN31:AT31 - AN37:AT37)^2)) -> 0.096668253 | AW31: =AV31 / (AU31 + AV31) -> 0.5
M32: X | P32: =SQRT(P5^2+P6^2+P7^2+P8^2+P9^2+P10^2+P11^2+P12^2+P13^2+P14^2+P15^2+P17^2+P18^2+P19^2+P20^2+P21^2+P22^2+P23^2+P24^2+P25^2+P26^2+P28^2+P29^2+P30^2+P31^2) -> 15.779734 | Q32: =SQRT(Q5^2+Q6^2+Q7^2+Q8^2+Q9^2+Q10^2+Q11^2+Q12^2+Q13^2+Q14^2+Q15^2+Q17^2+Q18^2+Q19^2+Q20^2+Q21^2+Q22^2+Q23^2+Q24^2+Q25^2+Q26^2+Q28^2+Q29^2+Q30^2+Q31^2) -> 12.767145 | R32: =SQRT(R5^2+R6^2+R7^2+R8^2+R9^2+R10^2+R11^2+R12^2+R13^2+R14^2+R15^2+R17^2+R18^2+R19^2+R20^2+R21^2+R22^2+R23^2+R24^2+R25^2+R26^2+R28^2+R29^2+R30^2+R31^2) -> 15.716234 | S32: =SQRT(S5^2+S6^2+S7^2+S8^2+S9^2+S10^2+S11^2+S12^2+S13^2+S14^2+S15^2+S17^2+S18^2+S19^2+S20^2+S21^2+S22^2+S23^2+S24^2+S25^2+S26^2+S28^2+S29^2+S30^2+S31^2) -> 15.165751 | T32: =SQRT(T5^2+T6^2+T7^2+T8^2+T9^2+T10^2+T11^2+T12^2+T13^2+T14^2+T15^2+T17^2+T18^2+T19^2+T20^2+T21^2+T22^2+T23^2+T24^2+T25^2+T26^2+T28^2+T29^2+T30^2+T31^2) -> 14.422205 | U32: =SQRT(U5^2+U6^2+U7^2+U8^2+U9^2+U10^2+U11^2+U12^2+U13^2+U14^2+U15^2+U17^2+U18^2+U19^2+U20^2+U21^2+U22^2+U23^2+U24^2+U25^2+U26^2+U28^2+U29^2+U30^2+U31^2) -> 15.394804 | V32: =SQRT(V5^2+V6^2+V7^2+V8^2+V9^2+V10^2+V11^2+V12^2+V13^2+V14^2+V15^2+V17^2+V18^2+V19^2+V20^2+V21^2+V22^2+V23^2+V24^2+V25^2+V26^2+V28^2+V29^2+V30^2+V31^2) -> 18.083141
AM33: A+ | AN33: =MAX(AN5:AN31) -> 0.055464854 | AO33: =MAX(AO5:AO31) -> 0.047362825 | AP33: =MAX(AP5:AP31) -> 0.02151473 | AQ33: =MAX(AQ5:AQ31) -> 0.015006322 | AR33: =MAX(AR5:AR31) -> 0.031218411 | AS33: =MAX(AS5:AS31) -> 0.009479777 | AT33: =MAX(AT5:AT31) -> 0.075108687
AM34: A- | AN34: =MIN(AN5:AN31) -> 0.027732427 | AO34: =MIN(AO5:AO31) -> 0.011840706 | AP34: =MIN(AP5:AP31) -> 0.010757365 | AQ34: =MIN(AQ5:AQ31) -> 0.0075031608 | AR34: =MIN(AR5:AR31) -> 0.015609205 | AS34: =MIN(AS5:AS31) -> 0.0047398885 | AT34: =MIN(AT5:AT31) -> 0.037554344

Sheet Rangking
B3: No | C3: Alternatif | E3: Nilai Preferensi | F3: Rangking
C4: Wisata Balikpapan | D4: Kode Alternatif | E4: Vi
B5: 1 | C5: Pantai Manggar Segarasari | D5: A1 | E5: ='Data Pariwisata Balikpapan'!AW5 -> 0.93301553 | F5: =RANK(E5, $E$5:$E$29, 0) -> 1
B6: 2 | C6: Pantai Melawai | D6: A10 | E6: ='Data Pariwisata Balikpapan'!AW14 -> 0.9108526 | F6: =RANK(E6, $E$5:$E$29, 0) -> 2
B7: 3 | C7: Pantai Kemala | D7: A3 | E7: ='Data Pariwisata Balikpapan'!AW7 -> 0.85060408 | F7: =RANK(E7, $E$5:$E$29, 0) -> 3
B8: 4 | C8: Kebun Raya Balikpapan | D8: A13 | E8: ='Data Pariwisata Balikpapan'!AW18 -> 0.79421419 | F8: =RANK(E8, $E$5:$E$29, 0) -> 4
B9: 5 | C9: Pasar Sore Manggar | D9: A6 | E9: ='Data Pariwisata Balikpapan'!AW10 -> 0.79322875 | F9: =RANK(E9, $E$5:$E$29, 0) -> 5
B10: 6 | C10: Pantai Lamaru | D10: A2 | E10: ='Data Pariwisata Balikpapan'!AW6 -> 0.78479896 | F10: =RANK(E10, $E$5:$E$29, 0) -> 6
B11: 7 | C11: Pantai Monpera | D11: A5 | E11: ='Data Pariwisata Balikpapan'!AW9 -> 0.77158697 | F11: =RANK(E11, $E$5:$E$29, 0) -> 7
B12: 8 | C12: Kampung Warna Warni | D12: A23 | E12: ='Data Pariwisata Balikpapan'!AW29 -> 0.76277434 | F12: =RANK(E12, $E$5:$E$29, 0) -> 8
B13: 9 | C13: Kampung Atas Air Margasari | D13: A24 | E13: ='Data Pariwisata Balikpapan'!AW30 -> 0.76277434 | F13: =RANK(E13, $E$5:$E$29, 0) -> 8
B14: 10 | C14: Kawasan Wisata Pendidikan Lingkungan Hidup Beruang Madu | D14: A12 | E14: ='Data Pariwisata Balikpapan'!AW17 -> 0.70148241 | F14: =RANK(E14, $E$5:$E$29, 0) -> 10
B15: 11 | C15: Pantai BSB | D15: A8 | E15: ='Data Pariwisata Balikpapan'!AW12 -> 0.68352724 | F15: =RANK(E15, $E$5:$E$29, 0) -> 11
B16: 12 | C16: Mangrove Margomulyo | D16: A17 | E16: ='Data Pariwisata Balikpapan'!AW22 -> 0.60093441 | F16: =RANK(E16, $E$5:$E$29, 0) -> 12
B17: 13 | C17: Mangrove Graha Indah | D17: A20 | E17: ='Data Pariwisata Balikpapan'!AW25 -> 0.60093441 | F17: =RANK(E17, $E$5:$E$29, 0) -> 12
B18: 14 | C18: Hutan Lindung Sungai Wain | D18: A19 | E18: ='Data Pariwisata Balikpapan'!AW24 -> 0.58231474 | F18: =RANK(E18, $E$5:$E$29, 0) -> 14
B19: 15 | C19: Kampung Wisata Tenun Kampung Baru | D19: A25 | E19: ='Data Pariwisata Balikpapan'!AW31 -> 0.5 | F19: =RANK(E19, $E$5:$E$29, 0) -> 15
B20: 16 | C20: Pasar Pringgodani | D20: A7 | E20: ='Data Pariwisata Balikpapan'!AW11 -> 0.42539418 | F20: =RANK(E20, $E$5:$E$29, 0) -> 16
B21: 17 | C21: Bamboe Wanades | D21: A15 | E21: ='Data Pariwisata Balikpapan'!AW20 -> 0.42010564 | F21: =RANK(E21, $E$5:$E$29, 0) -> 17
B22: 18 | C22: Waduk Manggar | D22: A18 | E22: ='Data Pariwisata Balikpapan'!AW23 -> 0.42010564 | F22: =RANK(E22, $E$5:$E$29, 0) -> 17
B23: 19 | C23: Pantai Nelayan | D23: A4 | E23: ='Data Pariwisata Balikpapan'!AW8 -> 0.39981186 | F23: =RANK(E23, $E$5:$E$29, 0) -> 19
B24: 20 | C24: Kawasan WisataMeranti | D24: A16 | E24: ='Data Pariwisata Balikpapan'!AW21 -> 0.34366287 | F24: =RANK(E24, $E$5:$E$29, 0) -> 20
B25: 21 | C25: Bukit Kebo | D25: A14 | E25: ='Data Pariwisata Balikpapan'!AW19 -> 0.33832637 | F25: =RANK(E25, $E$5:$E$29, 0) -> 21
B26: 22 | C26: Teluk Balikpapan | D26: A21 | E26: ='Data Pariwisata Balikpapan'!AW26 -> 0.316049 | F26: =RANK(E26, $E$5:$E$29, 0) -> 22
B27: 23 | C27: Kawasan Cagar Budaya Sumur Minyak Mathilda | D27: A22 | E27: ='Data Pariwisata Balikpapan'!AW28 -> 0.27913428 | F27: =RANK(E27, $E$5:$E$29, 0) -> 23
B28: 24 | C28: Pantai Seraya | D28: A9 | E28: ='Data Pariwisata Balikpapan'!AW13 -> 0.17357252 | F28: =RANK(E28, $E$5:$E$29, 0) -> 24
B29: 25 | C29: Pantai Ambalat | D29: A11 | E29: ='Data Pariwisata Balikpapan'!AW15 -> 0.17357252 | F29: =RANK(E29, $E$5:$E$29, 0) -> 24
